date,commit,coverage,lines,hits
2026-01-03,8e29e12d1,45.86,13606,6240
2026-01-03,94323a904,45.78,13622,6237
2026-01-03,92017615a,45.83,13608,6237
2026-01-04,64eeb3e84,45.9,13617,6251
2026-01-04,8968481e0,45.9,13617,6251
2026-01-04,59abbcb6e,45.9,13617,6251
2026-01-04,0432171d0,45.9,13617,6251
2026-01-04,f16f8c863,45.97,13643,6272
2026-01-05,8a82b247e,46.06,13621,6274
2026-01-06,c14bab3b9,46.03,13624,6272
2026-01-06,6aeba93f8,46.03,13621,6270
2026-01-07,2c54afed0,46.07,13592,6262
2026-01-07,b2cb8b661,46.07,13592,6262
2026-01-08,f7cbbdddc,46.44,13682,6355
2026-01-08,171224768,46.46,13682,6357
2026-01-08,351c60935,46.44,13678,6353
2026-01-08,2b8905a06,46.44,13678,6353
2026-01-08,d43bc92cc,46.47,13675,6355
2026-01-08,02cae98a1,46.48,13675,6357
2026-01-08,1f8a0a0b0,46.47,13675,6355
2026-01-08,fda1d809a,46.49,13654,6348
2026-01-09,7bf155ae5,46.45,13698,6364
2026-01-09,f8dede7e5,46.45,13698,6364
2026-01-09,c7ea0053a,46.43,13694,6359
2026-01-09,0ac562438,46.44,13682,6355
2026-01-09,4384719f9,46.44,13682,6355
2026-01-09,b5e503c74,46.44,13682,6355
2026-01-09,975506dd2,46.44,13682,6355
2026-01-10,f4f3e1d46,50.57,13682,6919
2026-01-10,8e38b2bcd,46.51,13682,6364
2026-01-10,177ec98ee,46.51,13682,6364
2026-01-10,b21deac8a,46.51,13682,6364
2026-01-10,20c3758cc,46.52,13684,6366
2026-01-12,f291aed42,63.9,13682,8743
2026-01-14,4145a091f,64.72,13680,8854
2026-01-14,89d689132,64.48,13680,8821
2026-01-14,65ff499c8,63.83,13680,8732
2026-01-15,818e7a9af,66.0,13680,9029
2026-01-17,b03da4c13,69.6,13698,9534
2026-01-17,595906021,69.58,13698,9532
2026-01-17,7adde2784,69.58,13698,9532
2026-01-17,5c4505c45,69.15,13698,9473
2026-01-18,82dd23aff,69.76,13698,9556
2026-01-19,31e3080af,70.18,13698,9614
2026-01-25,609b68f0f,70.55,13698,9665
2026-02-03,3a0cb2bd5,70.56,13698,9666
2026-02-12,6736766ac,70.31,14362,10099
2026-02-12,66c1e5bc7,70.31,14362,10099
2026-02-12,76c83d30a,70.32,14362,10100
2026-02-12,e46297167,70.32,14362,10100
2026-02-16,ffebbc944,70.58,14404,10167
2026-02-16,b43fb0fb1,70.53,14403,10159
2026-02-17,8925b8636,69.74,15527,10829
2026-02-17,adf12721d,69.73,15527,10827
2026-02-17,312a8d6dd,69.72,15527,10826
2026-02-17,010b297d5,69.73,15527,10827
2026-02-17,2eedf2b93,69.74,15527,10829
2026-02-17,66372761c,69.71,15527,10824
2026-02-17,eb668a0b3,69.01,15241,10518
2026-02-17,482139a51,68.97,15241,10512
2026-02-17,375fbe455,68.97,15241,10512
2026-02-18,5178e1c47,69.29,15732,10901
2026-02-18,5731995b2,69.16,15708,10865
2026-02-18,3bf290cff,69.27,15708,10881
2026-02-18,3ccfcfecc,69.83,15576,10877
2026-02-18,0ab573bf6,69.83,15576,10877
2026-02-18,33c2ddd04,69.85,15576,10880
2026-02-18,c2b1f88d8,69.83,15576,10878
2026-02-18,5ddfa889b,69.85,15576,10880
2026-02-18,7e3906350,69.72,15527,10826
2026-02-18,2a8769e44,69.72,15527,10826
2026-02-19,6b61d3972,69.31,15761,10925
2026-02-19,5d9ccc207,69.31,15761,10924
2026-02-19,db69ecd62,69.32,15761,10926
2026-02-19,6f70a9179,69.3,15750,10916
2026-02-19,30a4c684b,69.3,15750,10916
2026-02-19,906c22977,69.3,15750,10916
2026-02-20,6ab7c4caf,69.08,15791,10909
2026-02-20,18497057d,69.06,15791,10906
2026-02-20,7ebc4c669,69.03,15762,10882
2026-02-20,d929dc1c4,69.05,15761,10884
2026-02-22,412c9f42c,67.94,17576,11942
2026-02-22,aea8de704,67.95,17576,11943
2026-02-22,0f9744cd2,67.94,17576,11942
2026-02-22,ea65984de,67.93,17576,11941
2026-02-23,4ccff6911,68.37,17802,12172
2026-02-23,064aea15f,68.11,17727,12074
2026-02-23,d36db3ac9,67.93,17595,11953
2026-02-23,3693cadde,67.93,17576,11941
2026-02-24,dea390886,68.35,17860,12208
2026-02-24,215b08c4e,68.35,17860,12208
2026-02-24,3f17ea3dd,68.37,17843,12200
2026-02-24,1ca521751,68.4,17815,12187
2026-02-24,6014994da,68.29,17815,12166
2026-02-24,4f79b97b2,68.28,17815,12165
2026-02-26,35b015125,68.25,19218,13117
2026-02-26,a01a4595c,68.18,19218,13104
2026-02-26,1ba6c61e4,68.19,19218,13106
2026-02-26,fe5d6a36f,68.18,19218,13104
2026-02-26,d2759bfc5,68.18,19218,13104
2026-02-26,4f6d82ba5,68.18,19218,13104
2026-02-26,7a9360511,68.18,19218,13104
2026-02-26,574c73c1f,68.18,19220,13106
2026-02-26,ad5eef503,68.19,19218,13106
2026-02-26,b03fbc368,68.18,19185,13081
2026-03-07,808f0b26a,68.51,19571,13409
2026-03-08,7a59e6dde,68.41,19883,13602
2026-03-08,d11dc4acf,68.41,19883,13602
2026-03-09,7900b5359,68.49,19702,13495
2026-03-09,8951556e7,68.47,19870,13605
2026-03-09,fff3f6350,68.47,19870,13605
2026-03-10,a79f3bad4,69.48,19697,13687
2026-03-10,985bd1963,69.22,19697,13636
2026-03-10,af1960027,68.75,19697,13542
2026-03-10,de9b91622,68.5,19702,13497
2026-03-13,55777f508,69.47,19697,13684
2026-03-14,d2d8389fe,75.88,19697,14947
2026-03-15,363145a66,75.92,20482,15550
2026-03-15,e9f618a14,75.87,19697,14945
2026-03-16,62f6263e7,75.92,20489,15556
2026-03-16,7cd321410,75.92,20489,15556
2026-03-16,03b3d93c5,75.89,20489,15551
2026-03-16,15b8f8cf1,75.96,20479,15556
2026-03-16,b0bd25859,75.91,20482,15549
2026-03-17,3f14ca0b6,76.07,20917,15913
2026-03-17,0f32e40a2,76.03,20755,15781
2026-03-17,a2355c208,76.0,20725,15752
2026-03-17,c8ecb2fe1,76.0,20725,15752
2026-03-17,53540f065,75.88,20643,15664
2026-03-17,0131e01a2,75.69,20638,15621
2026-03-17,3832e5f86,75.95,20557,15615
2026-03-17,54cadcce6,75.93,20557,15610
2026-03-18,dac30b5d6,75.35,21207,15980
2026-03-18,cc730459e,75.23,21196,15947
2026-03-18,729aece24,76.11,20921,15925
2026-03-19,200196664,75.33,21202,15973
2026-03-19,1dc10a4c2,75.37,21202,15981
2026-03-19,5a96316ba,75.34,21199,15972
2026-03-19,8a9157075,75.34,21199,15972
2026-03-20,84497d8eb,75.48,21269,16055
2026-03-20,70b6bc703,75.5,21214,16018
2026-03-21,96cb8d6d2,75.58,21349,16136
2026-03-21,627d016d7,75.58,21332,16124
2026-03-23,865ec35d7,75.54,21349,16129
2026-04-02,b51f51e58,76.07,21361,16251
2026-04-02,ef2f8512b,76.07,21361,16251
2026-04-03,5de45dc9b,76.06,21362,16249
2026-04-03,72b0fbec7,76.06,21362,16249
2026-04-03,99cdbdda3,76.07,21362,16251
2026-04-03,d4f66150f,76.07,21362,16251
2026-04-04,7d9ac043b,76.13,21362,16265
2026-04-08,9b098fa69,76.08,21362,16253
2026-04-08,a4ead29ef,76.08,21362,16253
2026-04-08,8eda73645,76.08,21362,16253
2026-04-08,88d155dc4,76.01,21362,16238
2026-04-09,e039eb42a,76.07,21362,16251
2026-04-09,e8b864d76,76.3,21362,16300
2026-04-10,0b881dca3,76.06,21418,16291
2026-04-10,b6a55a2b8,76.06,21418,16291
2026-04-10,5a0cc52c3,76.06,21418,16291
2026-04-10,e2e146c0a,76.06,21418,16291
2026-04-11,c3648140e,76.09,21418,16298
2026-04-27,dc99570ce,76.13,21522,16385
2026-05-26,d5019fbf0,76.2,21522,16400
2026-05-27,9c6b79508,76.2,21538,16412
2026-05-27,46e81ca7a,76.22,21522,16405
2026-05-27,a687d1d4d,76.2,21522,16400
2026-05-28,2022a4a3d,76.28,21717,16567
2026-05-29,ab8a5d69e,76.27,21822,16645
2026-05-29,baaf580eb,76.28,21834,16655
2026-05-29,a9892fd29,76.39,21796,16652
2026-05-31,ce8be1d4b,76.24,21835,16649
2026-05-31,f62b64a2a,76.24,21835,16649
2026-05-31,fa560e346,76.24,21835,16649
2026-06-01,72a07acce,76.33,21835,16668
2026-06-01,4d84fae7c,76.27,21835,16655
2026-06-01,c53c24a88,76.27,21835,16655
2026-06-16,5fd5a31a3,76.78,21835,16766
2026-07-08,025c66218,76.99,22155,17058
2026-07-09,f9eea0af7,76.97,22164,17061
2026-07-09,45d697ec2,76.97,22164,17061
2026-07-09,339445a08,76.99,22155,17058
2026-08-26,07d2f8b69,76.64,22433,17193
